<?xml version="1.0" encoding="UTF-8" standalone="yes"?>
<transaction xmlns="http://www.w3schools.com" transactionName="WIKJT123" application="WIKJ" version="01" country="ES" language="ES">
	<paramsIn>
		<dto order="1" name="customerIn" mandatory="0" package="com.bbva.wikj.dto.ejemploselect.CustomerIn" artifactId="WIKJC123">
			<parameter order="1" name="id" mandatory="1" type="String" size="9"/>
			<parameter order="2" name="fecha" mandatory="0" type="String" size="10"/>
		</dto>
	</paramsIn>
	<paramsOut>
		<dto order="1" name="customerOut" mandatory="0" package="com.bbva.wikj.dto.ejemploselect.CustomerOut" artifactId="WIKJC123">
			<parameter order="1" name="id" mandatory="1" type="String" size="9"/>
			<parameter order="2" name="fecha" mandatory="0" type="String" size="10"/>
		</dto>
	</paramsOut>
	<description>ejemplo select</description>
</transaction>
